Workbook

Sheet 01_参数库
A1: 生产线类型 | B1: 购买价 | C1: 安装期 | D1: 生产周期 | E1: 转产周期 | F1: 转产费用 | G1: 维护费 | H1: 残值 | J1: 产品 | K1: R1 | L1: R2 | M1: R3 | N1: R4 | Q1: 原料 | R1: 提前期 | V1: 产品 | X1: 生产线类型
A2: 手工线 | B2: 5 | D2: 3 | G2: 1 | H2: 1 | J2: P1 | K2: 1 | L2: 0 | M2: 0 | N2: 0 | Q2: R1 | R2: 1 | V2: P1 | X2: 手工线
A3: 半自动线 | B3: 10 | C3: 2 | D3: 2 | E3: 1 | F3: 1 | G3: 1 | H3: 2 | J3: P2 | K3: 1 | L3: 1 | M3: 0 | N3: 0 | Q3: R2 | R3: 1 | V3: P2 | X3: 半自动线
A4: 全自动线 | B4: 15 | C4: 3 | D4: 1 | E4: 1 | F4: 2 | G4: 1 | H4: 3 | J4: P3 | K4: 0 | L4: 2 | M4: 1 | N4: 0 | Q4: R3 | R4: 2 | V4: P3 | X4: 全自动线
A5: 柔性线 | B5: 20 | C5: 4 | D5: 1 | G5: 1 | H5: 4 | J5: P4 | K5: 0 | L5: 1 | M5: 1 | N5: 2 | Q5: R4 | R5: 2 | V5: P4 | X5: 柔性线

Sheet 02_生产线状态
A1: 线号 | B1: 生产线类型 | C1: 当前产品 | D1: 剩余周期 | E1: 生产周期
A2: PL01 | B2: 全自动线 | C2: P4 | D2: 1 | E2: =VLOOKUP(B2,'01_参数库'!$A$2:$H$5,4,FALSE) -> 1
A3: PL02 | B3: 半自动线 | C3: P2 | D3: 2 | E3: =VLOOKUP(B3,'01_参数库'!$A$2:$H$5,4,FALSE) -> 2
A4: PL03 | B4: 手工线 | C4: P1 | D4: 3 | E4: =VLOOKUP(B4,'01_参数库'!$A$2:$H$5,4,FALSE) -> 3
A5: PL04 | B5: 全自动线 | C5: P3 | D5: 0 | E5: =VLOOKUP(B5,'01_参数库'!$A$2:$H$5,4,FALSE) -> 1
A6: PL05 | E6: =VLOOKUP(B6,'01_参数库'!$A$2:$H$5,4,FALSE) -> #N/A
A7: PL06 | E7: =VLOOKUP(B7,'01_参数库'!$A$2:$H$5,4,FALSE) -> #N/A
A8: PL07 | E8: =VLOOKUP(B8,'01_参数库'!$A$2:$H$5,4,FALSE) -> #N/A
A9: PL08 | E9: =VLOOKUP(B9,'01_参数库'!$A$2:$H$5,4,FALSE) -> #N/A

Sheet 03_季度产能模拟
A1: 线号 | B1: 产品 | C1: 周期 | D1: Q0剩余周期 | E1: Q1剩余周期 | F1: Q1产出 | G1: Q2剩余周期 | H1: Q2产出 | I1: Q3剩余周期 | J1: Q3产出 | K1: Q4剩余周期 | L1: Q4产出
A2: ='02_生产线状态'!A2 -> PL01 | B2: ='02_生产线状态'!C2 -> P4 | C2: ='02_生产线状态'!E2 -> 1 | D2: ='02_生产线状态'!D2 -> 1 | E2: =IF(D2=0,C2,IF(D2=1,C2,D2-1)) -> 1 | F2: =IF(D2=1,1,0) -> 1 | G2: =IF(E2=1,C2,E2-1) -> 1 | H2: =IF(E2=1,1,0) -> 1 | I2: =IF(G2=1,C2,G2-1) -> 1 | J2: =IF(G2=1,1,0) -> 1 | K2: =IF(I2=1,C2,I2-1) -> 1 | L2: =IF(I2=1,1,0) -> 1
A3: ='02_生产线状态'!A3 -> PL02 | B3: ='02_生产线状态'!C3 -> P2 | C3: ='02_生产线状态'!E3 -> 2 | D3: ='02_生产线状态'!D3 -> 2 | E3: =IF(D3=0,C3,IF(D3=1,C3,D3-1)) -> 1 | F3: =IF(D3=1,1,0) -> 0 | G3: =IF(E3=1,C3,E3-1) -> 2 | H3: =IF(E3=1,1,0) -> 1 | I3: =IF(G3=1,C3,G3-1) -> 1 | J3: =IF(G3=1,1,0) -> 0 | K3: =IF(I3=1,C3,I3-1) -> 2 | L3: =IF(I3=1,1,0) -> 1
A4: ='02_生产线状态'!A4 -> PL03 | B4: ='02_生产线状态'!C4 -> P1 | C4: ='02_生产线状态'!E4 -> 3 | D4: ='02_生产线状态'!D4 -> 3 | E4: =IF(D4=0,C4,IF(D4=1,C4,D4-1)) -> 2 | F4: =IF(D4=1,1,0) -> 0 | G4: =IF(E4=1,C4,E4-1) -> 1 | H4: =IF(E4=1,1,0) -> 0 | I4: =IF(G4=1,C4,G4-1) -> 3 | J4: =IF(G4=1,1,0) -> 1 | K4: =IF(I4=1,C4,I4-1) -> 2 | L4: =IF(I4=1,1,0) -> 0
A5: ='02_生产线状态'!A5 -> PL04 | B5: ='02_生产线状态'!C5 -> P3 | C5: ='02_生产线状态'!E5 -> 1 | D5: ='02_生产线状态'!D5 -> 0 | E5: =IF(D5=0,C5,IF(D5=1,C5,D5-1)) -> 1 | F5: =IF(D5=1,1,0) -> 0 | G5: =IF(E5=1,C5,E5-1) -> 1 | H5: =IF(E5=1,1,0) -> 1 | I5: =IF(G5=1,C5,G5-1) -> 1 | J5: =IF(G5=1,1,0) -> 1 | K5: =IF(I5=1,C5,I5-1) -> 1 | L5: =IF(I5=1,1,0) -> 1
A6: ='02_生产线状态'!A6 -> PL05
A7: ='02_生产线状态'!A7 -> PL06
A8: ='02_生产线状态'!A8 -> PL07
A9: ='02_生产线状态'!A9 -> PL08

Sheet 04_季度原料需求
A1: 原料 | B1: Q1需求 | C1: Q2需求 | D1: Q3需求 | E1: Q4需求 | F1: 提前期 | H1: 产品 | I1: Q1产量 | J1: Q2产量 | K1: Q3产量 | L1: Q4产量 | N1: 产品 | O1: R1 | P1: R2 | Q1: R3 | R1: R4
A2: R1 | B2: =SUMPRODUCT(I$2:I$5,O$2:O$5) -> 0 | C2: =SUMPRODUCT(J$2:J$5,O$2:O$5) -> 1 | D2: =SUMPRODUCT(K$2:K$5,O$2:O$5) -> 1 | E2: =SUMPRODUCT(L$2:L$5,O$2:O$5) -> 1 | F2: =_xlfn.XLOOKUP(A2,'01_参数库'!$Q$2:$Q$5,'01_参数库'!$R$2:$R$5) -> 1 | H2: P1 | I2: =SUMIFS('03_季度产能模拟'!$F:$F,'03_季度产能模拟'!$B:$B,H2) -> 0 | J2: =SUMIFS('03_季度产能模拟'!$H:$H,'03_季度产能模拟'!$B:$B,$H2) -> 0 | K2: =SUMIFS('03_季度产能模拟'!$J:$J,'03_季度产能模拟'!$B:$B,$H2) -> 1 | L2: =SUMIFS('03_季度产能模拟'!$L:$L,'03_季度产能模拟'!$B:$B,$H2) -> 0 | N2: ='01_参数库'!J2 -> P1 | O2: ='01_参数库'!K2 -> 1 | P2: ='01_参数库'!L2 -> 0 | Q2: ='01_参数库'!M2 -> 0 | R2: ='01_参数库'!N2 -> 0
A3: R2 | B3: =SUMPRODUCT($I$2:$I$5,$P$2:$P$5) -> 1 | C3: =SUMPRODUCT($I$2:$I$5,$P$2:$P$5) -> 1 | D3: =SUMPRODUCT($I$2:$I$5,$P$2:$P$5) -> 1 | E3: =SUMPRODUCT($I$2:$I$5,$P$2:$P$5) -> 1 | F3: =_xlfn.XLOOKUP(A3,'01_参数库'!$Q$2:$Q$5,'01_参数库'!$R$2:$R$5) -> 1 | H3: P2 | I3: =SUMIFS('03_季度产能模拟'!$F:$F,'03_季度产能模拟'!$B:$B,H3) -> 0 | J3: =SUMIFS('03_季度产能模拟'!$H:$H,'03_季度产能模拟'!$B:$B,$H3) -> 1 | K3: =SUMIFS('03_季度产能模拟'!$J:$J,'03_季度产能模拟'!$B:$B,$H3) -> 0 | L3: =SUMIFS('03_季度产能模拟'!$L:$L,'03_季度产能模拟'!$B:$B,$H3) -> 1 | N3: ='01_参数库'!J3 -> P2 | O3: ='01_参数库'!K3 -> 1 | P3: ='01_参数库'!L3 -> 1 | Q3: ='01_参数库'!M3 -> 0 | R3: ='01_参数库'!N3 -> 0
A4: R3 | B4: =SUMPRODUCT($I$2:$I$5,$Q$2:$Q$5) -> 1 | C4: =SUMPRODUCT($I$2:$I$5,$Q$2:$Q$5) -> 1 | D4: =SUMPRODUCT($I$2:$I$5,$Q$2:$Q$5) -> 1 | E4: =SUMPRODUCT($I$2:$I$5,$Q$2:$Q$5) -> 1 | F4: =_xlfn.XLOOKUP(A4,'01_参数库'!$Q$2:$Q$5,'01_参数库'!$R$2:$R$5) -> 2 | H4: P3 | I4: =SUMIFS('03_季度产能模拟'!$F:$F,'03_季度产能模拟'!$B:$B,H4) -> 0 | J4: =SUMIFS('03_季度产能模拟'!$H:$H,'03_季度产能模拟'!$B:$B,$H4) -> 1 | K4: =SUMIFS('03_季度产能模拟'!$J:$J,'03_季度产能模拟'!$B:$B,$H4) -> 1 | L4: =SUMIFS('03_季度产能模拟'!$L:$L,'03_季度产能模拟'!$B:$B,$H4) -> 1 | N4: ='01_参数库'!J4 -> P3 | O4: ='01_参数库'!K4 -> 0 | P4: ='01_参数库'!L4 -> 2 | Q4: ='01_参数库'!M4 -> 1 | R4: ='01_参数库'!N4 -> 0
A5: R4 | B5: =SUMPRODUCT($I$2:$I$5,$R$2:$R$5) -> 2 | C5: =SUMPRODUCT($I$2:$I$5,$R$2:$R$5) -> 2 | D5: =SUMPRODUCT($I$2:$I$5,$R$2:$R$5) -> 2 | E5: =SUMPRODUCT($I$2:$I$5,$R$2:$R$5) -> 2 | F5: =_xlfn.XLOOKUP(A5,'01_参数库'!$Q$2:$Q$5,'01_参数库'!$R$2:$R$5) -> 2 | H5: P4 | I5: =SUMIFS('03_季度产能模拟'!$F:$F,'03_季度产能模拟'!$B:$B,H5) -> 1 | J5: =SUMIFS('03_季度产能模拟'!$H:$H,'03_季度产能模拟'!$B:$B,$H5) -> 1 | K5: =SUMIFS('03_季度产能模拟'!$J:$J,'03_季度产能模拟'!$B:$B,$H5) -> 1 | L5: =SUMIFS('03_季度产能模拟'!$L:$L,'03_季度产能模拟'!$B:$B,$H5) -> 1 | N5: ='01_参数库'!J5 -> P4 | O5: ='01_参数库'!K5 -> 0 | P5: ='01_参数库'!L5 -> 1 | Q5: ='01_参数库'!M5 -> 1 | R5: ='01_参数库'!N5 -> 2

Sheet 05_年度决策看板
A1: 产品 | B1: 全年最大产量 | D1: 原料 | E1: 全年需求 | G1: 最高产能产品 | I1: 需求最大原料
A2: P1 | B2: =SUM('04_季度原料需求'!I2:L2) -> 1 | D2: R1 | E2: =SUM('04_季度原料需求'!B2:E2) -> 3 | G2: =INDEX(A2:A5,MATCH(MAX(B2:B5),B2:B5,0)) -> P4 | I2: =INDEX(D2:D5,MATCH(MAX(E2:E5),E2:E5,0)) -> R4
A3: P2 | B3: =SUM('04_季度原料需求'!I3:L3) -> 2 | D3: R2 | E3: =SUM('04_季度原料需求'!B3:E3) -> 4
A4: P3 | B4: =SUM('04_季度原料需求'!I4:L4) -> 3 | D4: R3 | E4: =SUM('04_季度原料需求'!B4:E4) -> 4
A5: P4 | B5: =SUM('04_季度原料需求'!I5:L5) -> 4 | D5: R4 | E5: =SUM('04_季度原料需求'!B5:E5) -> 8
